Id;;;;;
2004114;;;;;
2004115;;;;;
2004116;;;;;
2004117;;;;;
2004118;;;;;
2004119;;;;;
2004122;;;;;
2004123;;;;;
2004124;;;;;
2004125;;;;;
2004126;;;;;
2004127;;;;;
2004128;;;;;
2004129;;;;;
2004150;;;;;
2004151;;;;;
2004152;;;;;
2004153;;;;;
2004154;;;;;
2004155;;;;;
2004156;;;;;
2004157;;;;;
2004158;;;;;
2004159;;;;;
2004160;;;;;
2004161;;;;;
2004162;;;;;
2004163;;;;;
2004164;;;;;
2004165;;;;;
2004170;;;;;
2004171;;;;;
2004172;;;;;
2004173;;;;;
2004174;;;;;
2004175;;;;;
2004176;;;;;
2004177;;;;;
2004178;;;;;
2004179;;;;;
2004197;;;;;
2004198;;;;;
2004200;;;;;
2004201;;;;;
2004202;;;;;
2004203;;;;;
2004204;;;;;
2004206;;;;;
2004207;;;;;
2004208;;;;;
2004209;;;;;
2004210;;;;;
2004211;;;;;
2004212;;;;;
2004213;;;;;
2004214;;;;;
2004215;;;;;
2004216;;;;;
2004217;;;;;
2004219;;;;;
2004220;;;;;
2004222;;;;;
2005630;;;;;
2005640;;;;;
2005843;;;;;
2005918;;;;;
2006480;;;;;
2008139;;;;;
2008282;;;;;
2008333;;;;;
2008334;;;;;
2008335;;;;;
2008336;;;;;
2008337;;;;;
2008338;;;;;
2008339;;;;;
2008565;;;;;
2008566;;;;;
2008567;;;;;
2008568;;;;;
2008569;;;;;
2008580;;;;;
2008581;;;;;
2018364;;;;;
2287567;;;;;
2018366;;;;;
2018367;;;;;
2018368;;;;;
2287621;;;;;
2018410;;;;;
2018411;;;;;
2018412;;;;;
2018413;;;;;
2018415;;;;;
2018416;;;;;
2018417;;;;;
2018418;;;;;
2018419;;;;;
2018420;;;;;
2018421;;;;;
2018422;;;;;
2018426;;;;;
2018429;;;;;
2018431;;;;;
2018434;;;;;
2018435;;;;;
2018436;;;;;
2018437;;;;;
2018439;;;;;
2018940;;;;;
2018945;;;;;
2018957;;;;;
2018959;;;;;
2018962;;;;;
2018966;;;;;
2021990;;;;;
2021992;;;;;
2021993;;;;;
2021997;;;;;
2021998;;;;;
2021999;;;;;
2022000;;;;;
2022001;;;;;
2022002;;;;;
2022003;;;;;
2022004;;;;;
2022005;;;;;
2022008;;;;;
2022009;;;;;
2022010;;;;;
2022012;;;;;
2022013;;;;;
2022014;;;;;
2022015;;;;;
2022016;;;;;
2022017;;;;;
2022018;;;;;
2022019;;;;;
2022020;;;;;
2022021;;;;;
2022023;;;;;
2022025;;;;;
2022027;;;;;
2022028;;;;;
2022029;;;;;
2022030;;;;;
2022032;;;;;
2022033;;;;;
2022034;;;;;
2022035;;;;;
2022036;;;;;
2022037;;;;;
2022038;;;;;
2022039;;;;;
2022040;;;;;
2022041;;;;;
2022044;;;;;
2022045;;;;;
2022046;;;;;
2022047;;;;;
2022048;;;;;
2022049;;;;;
2022050;;;;;
2022051;;;;;
2022052;;;;;
2022053;;;;;
2022054;;;;;
2022055;;;;;
2022056;;;;;
2022293;;;;;
2022682;;;;;
2022684;;;;;
202341;;;;;
202342;;;;;
202343;;;;;
202344;;;;;
202345;;;;;
2025085 ilti;;;;;
2031079;;;;;
2031400;;;;;
203517;;;;;
2036084;;;;;
2036085;;;;;
2036086;;;;;
2036087;;;;;
2036088;;;;;
2036089;;;;;
2036313;;;;;
2036314;;;;;
2036315;;;;;
2036316;;;;;
2036317;;;;;
2037000;;;;;
2037003;;;;;
2037007;;;;;
2037025;;;;;
2037026;;;;;
2037069;;;;;
2037086;;;;;
2037088;;;;;
2037093;;;;;
2037096;;;;;
2037097;;;;;
2037099;;;;;
2037101;;;;;
2037105;;;;;
2037108;;;;;
2037109;;;;;
2037110;;;;;
2037112;;;;;
2037113;;;;;
2037115;;;;;
2037117;;;;;
2037119;;;;;
2037120;;;;;
2037122;;;;;
2037124;;;;;
2037453;;;;;
2037454;;;;;
203854;;;;;
2039126;;;;;
2039211;;;;;
2039316;;;;;
2041565;;;;;
2041604;;;;;
2041605;;;;;
2041606;;;;;
2041607;;;;;
2041608;;;;;
2041609;;;;;
2041610;;;;;
2041611;;;;;
2041612;;;;;
2042533;;;;;
2043328;;;;;
2043329;;;;;
2043484;;;;;
2043485;;;;;
2045030;;;;;
2045034;;;;;
2047317;;;;;
2047319;;;;;
2048120;;;;;
2048121;;;;;
2048122;;;;;
2048123;;;;;
2048124;;;;;
2048125;;;;;
2054120;;;;;
2054121;;;;;
2054122;;;;;
2054123;;;;;
2054124;;;;;
2054125;;;;;
2054126;;;;;
2054127;;;;;
2054131;;;;;
2054132;;;;;
2054133;;;;;
2054935;;;;;
2055411;;;;;
2061409;;;;;
2063009;;;;;
206499;;;;;
206500;;;;;
206501;;;;;
206502;;;;;
206503;;;;;
206508;;;;;
2069952;;;;;
2071169;;;;;
2072954;;;;;
2072955;;;;;
2075165;;;;;
2079794;;;;;
2079795;;;;;
2079796;;;;;
2079797;;;;;
2079798;;;;;
2079911;;;;;
2079912;;;;;
2079913;;;;;
2079914;;;;;
2079915;;;;;
2079916;;;;;
2079917;;;;;
2079918;;;;;
2079921;;;;;
2079922;;;;;
2079923;;;;;
2079924;;;;;
2079925;;;;;
2079926;;;;;
2079927;;;;;
2079929;;;;;
2079930;;;;;
2079931;;;;;
2079932;;;;;
2079934;;;;;
2079935;;;;;
2079937;;;;;
2079938;;;;;
2079939;;;;;
2079940;;;;;
2079941;;;;;
2079942;;;;;
2079943;;;;;
2079944;;;;;
2082431;;;;;
2082432;;;;;
20843;;;;;
20845;;;;;
20847;;;;;
20849;;;;;
20851;;;;;
20853;;;;;
20855;;;;;
20857;;;;;
20860;;;;;
20862;;;;;
20866;;;;;
20869;;;;;
20871;;;;;
20874;;;;;
20876;;;;;
20879;;;;;
20882;;;;;
20885;;;;;
20887;;;;;
2089089;;;;;
2089213;;;;;
2095982;;;;;
2095983;;;;;
2098468;;;;;
2098476;;;;;
2098482;;;;;
2100281;;;;;
2101171;;;;;
2101172;;;;;
2101178;;;;;
2105712;;;;;
2105714;;;;;
2105715;;;;;
2105719;;;;;
2105851;;;;;
2105853;;;;;
2105854;;;;;
2105855;;;;;
2105856;;;;;
2105859;;;;;
2105860;;;;;
2105861;;;;;
2105862;;;;;
2105863;;;;;
2105864;;;;;
2105866;;;;;
2105867;;;;;
2105870;;;;;
2105872;;;;;
2105873;;;;;
2105874;;;;;
2105875;;;;;
2105877;;;;;
2105878;;;;;
2105880;;;;;
2105888;;;;;
2105889;;;;;
2105890;;;;;
2105891;;;;;
2105892;;;;;
2105893;;;;;
2105896;;;;;
2105897;;;;;
2105898;;;;;
2105899;;;;;
2105900;;;;;
2105901;;;;;
2105902;;;;;
2107351;;;;;
2109988;;;;;
2109989;;;;;
2117720;;;;;
2117726;;;;;
2117870;;;;;
2117871;;;;;
2117873;;;;;
2117876;;;;;
2117877;;;;;
2117879;;;;;
2117898;;;;;
2117899;;;;;
2117901;;;;;
2117902;;;;;
2117903;;;;;
2117958;;;;;
2117959;;;;;
2117960;;;;;
2117961;;;;;
2117962;;;;;
2117963;;;;;
2117964;;;;;
2117965;;;;;
2117966;;;;;
2117967;;;;;
2117968;;;;;
2117969;;;;;
2117970;;;;;
2117971;;;;;
2117972;;;;;
2117973;;;;;
2117974;;;;;
2117975;;;;;
2117976;;;;;
2117977;;;;;
2117978;;;;;
2117979;;;;;
2117984;;;;;
2117985;;;;;
2117986;;;;;
2117987;;;;;
2117988;;;;;
2117989;;;;;
2117990;;;;;
2117991;;;;;
2117992;;;;;
2117993;;;;;
2117998;;;;;
2118000;;;;;
2118004;;;;;
2118046;;;;;
2118047;;;;;
2118048;;;;;
2118050;;;;;
2118051;;;;;
2118052;;;;;
2118053;;;;;
2118054;;;;;
2118670;;;;;
2118672;;;;;
2118677;;;;;
2118678;;;;;
2118694;;;;;
2118696;;;;;
2118703;;;;;
2118705;;;;;
2118727;;;;;
2118729;;;;;
2118853;;;;;
2118854;;;;;
2119287;;;;;
2119288;;;;;
2119300;;;;;
2120005;;;;;
212027;;;;;
2120338;;;;;
2120339;;;;;
2120420;;;;;
2120421;;;;;
2120422;;;;;
2120423;;;;;
2120424;;;;;
2120425;;;;;
2120426;;;;;
2120427;;;;;
2120428;;;;;
2120429;;;;;
2120430;;;;;
2120431;;;;;
2120432;;;;;
2121451;;;;;
2122216;;;;;
2122217;;;;;
2122218;;;;;
2122219;;;;;
2122274;;;;;
2122275;;;;;
2122276;;;;;
2122277;;;;;
2122279;;;;;
2122280;;;;;
2122281;;;;;
2122282;;;;;
2122283;;;;;
2122284;;;;;
2122285;;;;;
2122286;;;;;
2122290;;;;;
2122291;;;;;
2122292;;;;;
2122293;;;;;
2122295;;;;;
2122296;;;;;
2122297;;;;;
2122298;;;;;
2122300;;;;;
2122301;;;;;
2122302;;;;;
2122303;;;;;
2123382;;;;;
2123385;;;;;
2123402;;;;;
2123405;;;;;
2123408;;;;;
2123719;;;;;
2123993;;;;;
2123994;;;;;
2126902;;;;;
2126905;;;;;
2126906;;;;;
2126907;;;;;
2127446;;;;;
2127709;;;;;
2127968;;;;;
2127980;;;;;
2127981;;;;;
2127982;;;;;
2127983;;;;;
2127984;;;;;
2127991;;;;;
2127992;;;;;
2127994;;;;;
2127995;;;;;
2128002;;;;;
2131026;;;;;
2131027;;;;;
2131028;;;;;
2131029;;;;;
2131130;;;;;
2131131;;;;;
2131132;;;;;
2131133;;;;;
2131134;;;;;
2131135;;;;;
2132186;;;;;
2132231;;;;;
2136397;;;;;
213950;;;;;
2143371;;;;;
2147194;;;;;
2147196;;;;;
2147198;;;;;
2147701;;;;;
2147702;;;;;
2147703;;;;;
2147705;;;;;
2155503;;;;;
2156217;;;;;
2163565;;;;;
2163834;;;;;
2163835;;;;;
216415;;;;;
216422;;;;;
216453;;;;;
216466;;;;;
216468;;;;;
216469;;;;;
2171113;;;;;
2171115;;;;;
2171121;;;;;
2171124;;;;;
2171141;;;;;
2171244;;;;;
2171245;;;;;
2171503;;;;;
2172921;;;;;
2172925;;;;;
2173646;;;;;
2174150;;;;;
2177223;;;;;
2180264;;;;;
2180265;;;;;
2180266;;;;;
2180267;;;;;
2180268;;;;;
2180269;;;;;
2180410;;;;;
2180411;;;;;
2180412;;;;;
2180413;;;;;
2180414;;;;;
2180415;;;;;
2180416;;;;;
2180417;;;;;
2180418;;;;;
2180419;;;;;
2180420;;;;;
2180421;;;;;
218413;;;;;
2184504;;;;;
2199455;;;;;
220351;;;;;
2223835;;;;;
227443;;;;;
227444;;;;;
227470;;;;;
229068;;;;;
229138;;;;;
229505;;;;;
229507;;;;;
229508;;;;;
229811;;;;;
229813;;;;;
229815;;;;;
229817;;;;;
229819;;;;;
229821;;;;;
229823;;;;;
229825;;;;;
229827;;;;;
231660;;;;;
238727;;;;;
238838;;;;;
243521;;;;;
243522;;;;;
243523;;;;;
243524;;;;;
243525;;;;;
243527;;;;;
243528;;;;;
243533;;;;;
243536;;;;;
24353;;;;;
246913;;;;;
246914;;;;;
246915;;;;;
247827;;;;;
247829;;;;;
247830;;;;;
247951;;;;;
247953;;;;;
247955;;;;;
247956;;;;;
248209;;;;;
248532;;;;;
251673;;;;;
251674;;;;;
256311;;;;;
256691;;;;;
256692;;;;;
256693;;;;;
256694;;;;;
256695;;;;;
256696;;;;;
256697;;;;;
256698;;;;;
256699;;;;;
256700;;;;;
256701;;;;;
259938;;;;;
259942;;;;;
259944;;;;;
259945;;;;;
259951;;;;;
259952;;;;;
259955;;;;;
260519;;;;;
260520;;;;;
260521;;;;;
260522;;;;;
260523;;;;;
260524;;;;;
260525;;;;;
260526;;;;;
260527;;;;;
260529;;;;;
260530;;;;;
260531;;;;;
260532;;;;;
260534;;;;;
260535;;;;;
260536;;;;;
260537;;;;;
260538;;;;;
260539;;;;;
269899;;;;;
271691;;;;;
277609;;;;;
27893;;;;;
282851;;;;;
282852;;;;;
282853;;;;;
282854;;;;;
285524;;;;;
290005;;;;;
290011;;;;;
290014;;;;;
290015;;;;;
290029;;;;;
290030;;;;;
290031;;;;;
290032;;;;;
290033;;;;;
290034;;;;;
290062;;;;;
290063;;;;;
290067;;;;;
290068;;;;;
290072;;;;;
290131;;;;;
290161;;;;;
290181;;;;;
290182;;;;;
293052;;;;;
293053;;;;;
293054;;;;;
293140;;;;;
293141;;;;;
293142;;;;;
293143;;;;;
293148;;;;;
293161;;;;;
293167;;;;;
293177;;;;;
293180;;;;;
293182;;;;;
293193;;;;;
293205;;;;;
293210;;;;;
293217;;;;;
293229;;;;;
293230;;;;;
293233;;;;;
293235;;;;;
293236;;;;;
293238;;;;;
293239;;;;;
293258;;;;;
293259;;;;;
293286;;;;;
293408;;;;;
293409;;;;;
293410;;;;;
293411;;;;;
293412;;;;;
293413;;;;;
293415;;;;;
293416;;;;;
293417;;;;;
293421;;;;;
293422;;;;;
304773;;;;;
304792;;;;;
304923;;;;;
304932;;;;;
304983;;;;;
305857;;;;;
305858;;;;;
305859;;;;;
305860;;;;;
306700;;;;;
308383;;;;;
308384;;;;;
308385;;;;;
308386;;;;;
308387;;;;;
308388;;;;;
308389;;;;;
308390;;;;;
308393;;;;;
308396;;;;;
310018;;;;;
310019;;;;;
311368;;;;;
311369;;;;;
311370;;;;;
31139;;;;;
31140;;;;;
31141;;;;;
31142;;;;;
31143;;;;;
31144;;;;;
31145;;;;;
31146;;;;;
31150;;;;;
312622;;;;;
312623;;;;;
312624;;;;;
312626;;;;;
312632;;;;;
312633;;;;;
312634;;;;;
312635;;;;;
312636;;;;;
312637;;;;;
312639;;;;;
312640;;;;;
312641;;;;;
313225;;;;;
321479;;;;;
331544;;;;;
331545;;;;;
331546;;;;;
331547;;;;;
331548;;;;;
331549;;;;;
331550;;;;;
331551;;;;;
331552;;;;;
331553;;;;;
331617;;;;;
331618;;;;;
331619;;;;;
332219;;;;;
332220;;;;;
332221;;;;;
332222;;;;;
332223;;;;;
332224;;;;;
332519;;;;;
332520;;;;;
332521;;;;;
332522;;;;;
332523;;;;;
332524;;;;;
333099;;;;;
333100;;;;;
333101;;;;;
333102;;;;;
333103;;;;;
333105;;;;;
333106;;;;;
333108;;;;;
333109;;;;;
333110;;;;;
333111;;;;;
333112;;;;;
333113;;;;;
333114;;;;;
333115;;;;;
333116;;;;;
333117;;;;;
333118;;;;;
333119;;;;;
333120;;;;;
333121;;;;;
333122;;;;;
333123;;;;;
333124;;;;;
333125;;;;;
333126;;;;;
333127;;;;;
333128;;;;;
333129;;;;;
333130;;;;;
333131;;;;;
333132;;;;;
333133;;;;;
333134;;;;;
333135;;;;;
333136;;;;;
333137;;;;;
333138;;;;;
333139;;;;;
333140;;;;;
333141;;;;;
333142;;;;;
333143;;;;;
333144;;;;;
333145;;;;;
333146;;;;;
333147;;;;;
333148;;;;;
333149;;;;;
333150;;;;;
333152;;;;;
333153;;;;;
333154;;;;;
333158;;;;;
333159;;;;;
333160;;;;;
333163;;;;;
334744;;;;;
334745;;;;;
334746;;;;;
334897;;;;;
335672;;;;;
335673;;;;;
335674;;;;;
335675;;;;;
335676;;;;;
335677;;;;;
335678;;;;;
335679;;;;;
33567;;;;;
335680;;;;;
335682;;;;;
335684;;;;;
335685;;;;;
335686;;;;;
335688;;;;;
335689;;;;;
335690;;;;;
335692;;;;;
335693;;;;;
335694;;;;;
335695;;;;;
335696;;;;;
335697;;;;;
335698;;;;;
335699;;;;;
335700;;;;;
335702;;;;;
335703;;;;;
335704;;;;;
335705;;;;;
335706;;;;;
335707;;;;;
335708;;;;;
335709;;;;;
335942;;;;;
335943;;;;;
335944;;;;;
337111;;;;;
338970;;;;;
338971;;;;;
338972;;;;;
339265;;;;;
339266;;;;;
339267;;;;;
339346;;;;;
339347;;;;;
339348;;;;;
339351;;;;;
339352;;;;;
339354;;;;;
339359;;;;;
339797;;;;;
3445985;;;;;
3445986;;;;;
346629;;;;;
346630;;;;;
347163;;;;;
3481349;;;;;
349387;;;;;
3500207;;;;;
3500210;;;;;
3503287;;;;;
3503288;;;;;
352462;;;;;
352465;;;;;
352466;;;;;
352486;;;;;
3525749;;;;;
3525751;;;;;
3526915;;;;;
3526916;;;;;
3527111;;;;;
3530814;;;;;
3532876;;;;;
3536474;;;;;
3539234;;;;;
3541690;;;;;
3550123;;;;;
3550191;;;;;
3550215;;;;;
3550216;;;;;
3550664;;;;;
3550667;;;;;
3550698;;;;;
3550701;;;;;
3550797;;;;;
3550798;;;;;
355467;;;;;
355468;;;;;
355469;;;;;
355470;;;;;
355471;;;;;
355472;;;;;
355473;;;;;
355474;;;;;
355475;;;;;
355478;;;;;
355479;;;;;
3558718;;;;;
3558719;;;;;
3561474;;;;;
3561479;;;;;
3561480;;;;;
3561481;;;;;
3561482;;;;;
3561664;;;;;
3561665;;;;;
3561666;;;;;
3561667;;;;;
3561668;;;;;
3561669;;;;;
3561670;;;;;
3562258;;;;;
3562730;;;;;
3562889;;;;;
3562997;;;;;
3562998;;;;;
3563449;;;;;
3563716;;;;;
3566306;;;;;
3566654;;;;;
3566655;;;;;
3566656;;;;;
3566657;;;;;
3566658;;;;;
3566659;;;;;
3566660;;;;;
3566661;;;;;
3566838;;;;;
3567870;;;;;
3567871;;;;;
3570260;;;;;
3570261;;;;;
3570918;;;;;
3570919;;;;;
360638;;;;;
360640;;;;;
360641;;;;;
361887;;;;;
362307;;;;;
362614;;;;;
369264;;;;;
369265;;;;;
369266;;;;;
369267;;;;;
369268;;;;;
369269;;;;;
369685;;;;;
369692;;;;;
370598;;;;;
371291;;;;;
371775;;;;;
371776;;;;;
371778;;;;;
371779;;;;;
371781;;;;;
371782;;;;;
371784;;;;;
371785;;;;;
371787;;;;;
371788;;;;;
371790;;;;;
371791;;;;;
371793;;;;;
371794;;;;;
371796;;;;;
371797;;;;;
371799;;;;;
371800;;;;;
371801;;;;;
371802;;;;;
371803;;;;;
371805;;;;;
371806;;;;;
371808;;;;;
371809;;;;;
371811;;;;;
371812;;;;;
371814;;;;;
371815;;;;;
371818;;;;;
371825;;;;;
371826;;;;;
371827;;;;;
371830;;;;;
371831;;;;;
371832;;;;;
371833;;;;;
372044;;;;;
372045;;;;;
372046;;;;;
372047;;;;;
372048;;;;;
372049;;;;;
372050;;;;;
372051;;;;;
372052;;;;;
372053;;;;;
372054;;;;;
372055;;;;;
372056;;;;;
372057;;;;;
372058;;;;;
372059;;;;;
372226;;;;;
372227;;;;;
372228;;;;;
372229;;;;;
372230;;;;;
372231;;;;;
372232;;;;;
372233;;;;;
372234;;;;;
372235;;;;;
372236;;;;;
372237;;;;;
372238;;;;;
372239;;;;;
372240;;;;;
372241;;;;;
372242;;;;;
372243;;;;;
372244;;;;;
372245;;;;;
372246;;;;;
372247;;;;;
372248;;;;;
372273;;;;;
372274;;;;;
372275;;;;;
372277;;;;;
372278;;;;;
372279;;;;;
372280;;;;;
372281;;;;;
372282;;;;;
372283;;;;;
372284;;;;;
372285;;;;;
372286;;;;;
372287;;;;;
372615;;;;;
373474;;;;;
373475;;;;;
373476;;;;;
373477;;;;;
373478;;;;;
373479;;;;;
373960;;;;;
375980;;;;;
375982;;;;;
376956;;;;;
376957;;;;;
376958;;;;;
376961;;;;;
376962;;;;;
376967;;;;;
377341;;;;;
377342;;;;;
378430;;;;;
378431;;;;;
378432;;;;;
378544;;;;;
378553;;;;;
380918;;;;;
380920;;;;;
381401;;;;;
381402;;;;;
381403;;;;;
381404;;;;;
381405;;;;;
382941;;;;;
382955;;;;;
383049;;;;;
383050;;;;;
385459;;;;;
385460;;;;;
385813;;;;;
385814;;;;;
385815;;;;;
385816;;;;;
385817;;;;;
385818;;;;;
385820;;;;;
385821;;;;;
385822;;;;;
385823;;;;;
385824;;;;;
385825;;;;;
385826;;;;;
385827;;;;;
385828;;;;;
385829;;;;;
385830;;;;;
385831;;;;;
385832;;;;;
385834;;;;;
385835;;;;;
385836;;;;;
385839;;;;;
385844;;;;;
385846;;;;;
385851;;;;;
385853;;;;;
385856;;;;;
385857;;;;;
385859;;;;;
385861;;;;;
385863;;;;;
385864;;;;;
385865;;;;;
385867;;;;;
385868;;;;;
385869;;;;;
385870;;;;;
385871;;;;;
385872;;;;;
385873;;;;;
385874;;;;;
386402;;;;;
386403;;;;;
386404;;;;;
386405;;;;;
386406;;;;;
386407;;;;;
386489;;;;;
386492;;;;;
387054;;;;;
387055;;;;;
387056;;;;;
387057;;;;;
387058;;;;;
387059;;;;;
387060;;;;;
387061;;;;;
387062;;;;;
387063;;;;;
387064;;;;;
387065;;;;;
387066;;;;;
387067;;;;;
387068;;;;;
387069;;;;;
387070;;;;;
387072;;;;;
387073;;;;;
387074;;;;;
387075;;;;;
387076;;;;;
387077;;;;;
387078;;;;;
387079;;;;;
387080;;;;;
387081;;;;;
387082;;;;;
387083;;;;;
387084;;;;;
387085;;;;;
387086;;;;;
387087;;;;;
387088;;;;;
387089;;;;;
387144;;;;;
387145;;;;;
387146;;;;;
387147;;;;;
387148;;;;;
387149;;;;;
387150;;;;;
387151;;;;;
387152;;;;;
387153;;;;;
387256;;;;;
387258;;;;;
387259;;;;;
387261;;;;;
387551;;;;;
387552;;;;;
388729;;;;;
388730;;;;;
402592;;;;;
403195;;;;;
403196;;;;;
404151;;;;;
406778;;;;;
406783;;;;;
409172;;;;;
409173;;;;;
409174;;;;;
409175;;;;;
409176;;;;;
409177;;;;;
409178;;;;;
409179;;;;;
409181;;;;;
409182;;;;;
409188;;;;;
409189;;;;;
409190;;;;;
409191;;;;;
409192;;;;;
409193;;;;;
409197;;;;;
409198;;;;;
409199;;;;;
409200;;;;;
409201;;;;;
409202;;;;;
409205;;;;;
409206;;;;;
409207;;;;;
409208;;;;;
409209;;;;;
409210;;;;;
409211;;;;;
409212;;;;;
409213;;;;;
409214;;;;;
409215;;;;;
409216;;;;;
409217;;;;;
409218;;;;;
409552;;;;;
409554;;;;;
409556;;;;;
409558;;;;;
409559;;;;;
409560;;;;;
409563;;;;;
414778;;;;;
414779;;;;;
414780;;;;;
416735;;;;;
416736;;;;;
416737;;;;;
416738;;;;;
416739;;;;;
416740;;;;;
416741;;;;;
416742;;;;;
416743;;;;;
416744;;;;;
416745;;;;;
418301;;;;;
418302;;;;;
418303;;;;;
418304;;;;;
418306;;;;;
418307;;;;;
418308;;;;;
418309;;;;;
418310;;;;;
418311;;;;;
418312;;;;;
418313;;;;;
418314;;;;;
418315;;;;;
418316;;;;;
418317;;;;;
418318;;;;;
418320;;;;;
418321;;;;;
418322;;;;;
418323;;;;;
418324;;;;;
418325;;;;;
418326;;;;;
418327;;;;;
418328;;;;;
418329;;;;;
418748;;;;;
419102;;;;;
419103;;;;;
419973;;;;;
421924;;;;;
421925;;;;;
421926;;;;;
421927;;;;;
421928;;;;;
421929;;;;;
421930;;;;;
421931;;;;;
421933;;;;;
421934;;;;;
421935;;;;;
421936;;;;;
421937;;;;;
421938;;;;;
421939;;;;;
421940;;;;;
421942;;;;;
421943;;;;;
421944;;;;;
421956;;;;;
421960;;;;;
421961;;;;;
421963;;;;;
421965;;;;;
421966;;;;;
421968;;;;;
421969;;;;;
421971;;;;;
421977;;;;;
421981;;;;;
421983;;;;;
422660;;;;;
423165;;;;;
423665;;;;;
423859;;;;;
423860;;;;;
423861;;;;;
423862;;;;;
423863;;;;;
423864;;;;;
423865;;;;;
423866;;;;;
423867;;;;;
423868;;;;;
423870;;;;;
423871;;;;;
423872;;;;;
423873;;;;;
423874;;;;;
423875;;;;;
423876;;;;;
423877;;;;;
423878;;;;;
423879;;;;;
423880;;;;;
423881;;;;;
423882;;;;;
423883;;;;;
423886;;;;;
423888;;;;;
423889;;;;;
423890;;;;;
423891;;;;;
423897;;;;;
423898;;;;;
423899;;;;;
423900;;;;;
423901;;;;;
423902;;;;;
423903;;;;;
423904;;;;;
423907;;;;;
423909;;;;;
423910;;;;;
423911;;;;;
423912;;;;;
423913;;;;;
423914;;;;;
423915;;;;;
429557;;;;;
433771;;;;;
433772;;;;;
433773;;;;;
433774;;;;;
433775;;;;;
433776;;;;;
433777;;;;;
433778;;;;;
433779;;;;;
435849;;;;;
437867;;;;;
47400;;;;;
47402;;;;;
47404;;;;;
47407;;;;;
47408;;;;;
47409;;;;;
47410;;;;;
47411;;;;;
47412;;;;;
47413;;;;;
47414;;;;;
47416;;;;;
50398;;;;;
50404;;;;;
58666;;;;;
58670;;;;;
58671;;;;;
58683;;;;;
58688;;;;;
58689;;;;;
58706;;;;;
58707;;;;;
58709;;;;;
58712;;;;;
58715;;;;;
58942;;;;;
58943;;;;;
58946;;;;;
58949;;;;;
60579;;;;;
65759;;;;;
66256;;;;;
66291;;;;;
66295;;;;;
66299;;;;;
67064;;;;;
67065;;;;;
67920;;;;;
67922;;;;;
67924;;;;;
67926;;;;;
67928;;;;;
83380;;;;;
CP 636 20KG ilti;;;;;
ilti DC230;;;;;
ilti DE500-A22;;;;;
ILTI TE 1000-AVR;;;;;
ilti VC;;;;;
ISO7089;;;;;